{"stats":{"minecraft:custom":{"minecraft:time_since_rest":117189,"minecraft:open_chest":96,"minecraft:sprint_one_cm":195,"minecraft:inspect_dropper":9,"minecraft:play_time":117189,"minecraft:open_shulker_box":2,"minecraft:walk_one_cm":1418,"minecraft:sneak_time":1261,"minecraft:walk_under_water_one_cm":153,"minecraft:drop":9,"minecraft:jump":23,"minecraft:inspect_hopper":17,"minecraft:leave_game":5,"minecraft:walk_on_water_one_cm":298,"minecraft:time_since_death":117189,"minecraft:total_world_time":158951,"minecraft:tune_noteblock":31,"minecraft:fly_one_cm":148204},"minecraft:picked_up":{"minecraft:white_shulker_box":7},"minecraft:dropped":{"minecraft:white_shulker_box":8,"minecraft:lime_shulker_box":1},"minecraft:used":{"minecraft:barrel":2,"minecraft:barrier":12,"minecraft:white_stained_glass":37,"minecraft:oak_sign":3,"minecraft:white_shulker_box":1,"minecraft:brown_shulker_box":1}},"DataVersion":2730}