{"stats":{"minecraft:picked_up":{"minecraft:redstone_block":86032,"minecraft:light_gray_shulker_box":4,"minecraft:diamond_sword":1,"minecraft:purple_shulker_box":6,"minecraft:wooden_sword":1,"minecraft:pink_shulker_box":6,"minecraft:oak_sign":2,"minecraft:black_shulker_box":3,"minecraft:comparator":3,"minecraft:redstone_torch":4,"minecraft:blue_shulker_box":5,"minecraft:smooth_quartz_stairs":1,"minecraft:piston":18964,"minecraft:lime_shulker_box":2,"minecraft:stick":3137,"minecraft:orange_shulker_box":27,"minecraft:magenta_shulker_box":7,"minecraft:redstone":140995,"minecraft:cyan_shulker_box":1,"minecraft:gray_shulker_box":2,"minecraft:stone_sword":1,"minecraft:red_shulker_box":62,"minecraft:brown_shulker_box":17,"minecraft:carved_pumpkin":2,"minecraft:glistering_melon_slice":1,"minecraft:white_shulker_box":8012,"minecraft:white_wool":2,"minecraft:rail":48714,"minecraft:cobblestone":76032,"minecraft:yellow_shulker_box":23,"minecraft:repeater":5,"minecraft:green_shulker_box":8,"minecraft:iron_ingot":37560,"minecraft:pufferfish_bucket":14,"minecraft:powered_rail":10,"minecraft:oak_planks":56304,"minecraft:iron_sword":1,"minecraft:ghast_tear":1,"minecraft:light_blue_shulker_box":23,"minecraft:shulker_box":175,"minecraft:crossbow":2,"minecraft:birch_sign":1,"minecraft:white_concrete":4,"minecraft:oak_button":2,"minecraft:magenta_concrete":1},"minecraft:used":{"minecraft:jack_o_lantern":1,"minecraft:orange_concrete":2,"minecraft:carved_pumpkin":1,"minecraft:red_concrete":6,"minecraft:redstone":17,"minecraft:oak_sign":15,"minecraft:white_concrete_powder":1,"minecraft:chest":6,"minecraft:brown_concrete":2,"minecraft:white_shulker_box":34,"minecraft:netherrack":3,"minecraft:orange_stained_glass":12,"minecraft:target":1,"minecraft:anvil":10,"minecraft:hopper":17,"minecraft:blue_stained_glass":14,"minecraft:glow_lichen":4,"minecraft:light_blue_stained_glass":2,"minecraft:glass":85,"minecraft:packed_ice":4,"minecraft:yellow_stained_glass":5,"minecraft:iron_block":17,"minecraft:orange_shulker_box":6,"minecraft:hopper_minecart":2,"minecraft:purple_concrete":1,"minecraft:repeater":3,"minecraft:redstone_lamp":1,"minecraft:lime_concrete":1,"minecraft:iron_trapdoor":6,"minecraft:soul_soil":1,"minecraft:lime_stained_glass":26,"minecraft:observer":59,"minecraft:pumpkin":2,"minecraft:magenta_shulker_box":7,"minecraft:water_bucket":3,"minecraft:end_rod":1,"minecraft:light_blue_shulker_box":4,"minecraft:dropper":15,"minecraft:red_stained_glass":16,"minecraft:yellow_shulker_box":7,"minecraft:gray_carpet":6,"minecraft:powered_rail":8,"minecraft:lime_concrete_powder":1,"minecraft:black_shulker_box":1,"minecraft:redstone_block":11,"minecraft:glow_ink_sac":10,"minecraft:rail":2,"minecraft:light_blue_concrete":2,"minecraft:green_dye":10,"minecraft:yellow_concrete":3,"minecraft:white_bed":1,"minecraft:note_block":2,"minecraft:lime_shulker_box":1,"minecraft:gray_concrete":6,"minecraft:redstone_torch":2,"minecraft:purple_stained_glass":2,"minecraft:sticky_piston":5,"minecraft:piston":4,"minecraft:command_block":6,"minecraft:brown_stained_glass":2,"minecraft:stone_button":3,"minecraft:white_stained_glass":321,"minecraft:white_concrete":127,"minecraft:gray_stained_glass":2},"minecraft:custom":{"minecraft:interact_with_smithing_table":2,"minecraft:inspect_dropper":123,"minecraft:interact_with_anvil":2,"minecraft:inspect_hopper":216,"minecraft:interact_with_crafting_table":44,"minecraft:open_barrel":98,"minecraft:open_shulker_box":343,"minecraft:leave_game":22,"minecraft:time_since_death":23493,"minecraft:sprint_one_cm":408977,"minecraft:walk_one_cm":153852,"minecraft:drop":39678,"minecraft:play_time":2125653,"minecraft:deaths":5,"minecraft:sneak_time":61929,"minecraft:walk_under_water_one_cm":43610,"minecraft:interact_with_lectern":19,"minecraft:jump":834,"minecraft:walk_on_water_one_cm":187254,"minecraft:total_world_time":2247894,"minecraft:interact_with_furnace":6,"minecraft:interact_with_cartography_table":1,"minecraft:tune_noteblock":78,"minecraft:time_since_rest":23517,"minecraft:open_enderchest":1,"minecraft:damage_taken":640,"minecraft:trigger_trapped_chest":88,"minecraft:damage_dealt":10,"minecraft:fly_one_cm":12854540,"minecraft:open_chest":1190,"minecraft:crouch_one_cm":5427,"minecraft:inspect_dispenser":76},"minecraft:dropped":{"minecraft:stone_hoe":6,"minecraft:enchanted_book":75,"minecraft:blue_shulker_box":14,"minecraft:iron_ingot":64,"minecraft:orange_shulker_box":36,"minecraft:iron_sword":11,"minecraft:piston":19010,"minecraft:diamond_axe":18,"minecraft:smooth_quartz_stairs":70,"minecraft:lime_shulker_box":5,"minecraft:crossbow":104,"minecraft:green_shulker_box":17,"minecraft:iron_horse_armor":3,"minecraft:rail":55120,"minecraft:stick":1,"minecraft:diamond_horse_armor":8,"minecraft:red_shulker_box":81,"minecraft:packed_ice":1,"minecraft:milk_bucket":3,"minecraft:wooden_hoe":2,"minecraft:light_gray_shulker_box":12,"minecraft:yellow_shulker_box":76,"minecraft:smooth_quartz_slab":1,"minecraft:black_shulker_box":9,"minecraft:pufferfish_bucket":14,"minecraft:wooden_sword":3,"minecraft:writable_book":1,"minecraft:music_disc_ward":4,"minecraft:iron_axe":3,"minecraft:iron_pickaxe":6,"minecraft:fishing_rod":2,"minecraft:white_wool":2,"minecraft:magenta_shulker_box":23,"minecraft:beetroot_soup":1,"minecraft:redstone_block":39377,"minecraft:redstone":60480,"minecraft:music_disc_blocks":2,"minecraft:stone_sword":3,"minecraft:diamond_hoe":3,"minecraft:iron_hoe":3,"minecraft:diamond_shovel":19,"minecraft:cyan_shulker_box":4,"minecraft:music_disc_far":1,"minecraft:white_shulker_box":1779,"minecraft:totem_of_undying":2,"minecraft:shulker_box":384,"minecraft:brown_shulker_box":31,"minecraft:suspicious_stew":16,"minecraft:diamond_sword":13,"minecraft:leather_chestplate":1,"minecraft:shield":9,"minecraft:trident":28,"minecraft:diamond_chestplate":1,"minecraft:dropper":1,"minecraft:diamond_pickaxe":8,"minecraft:purple_bed":3,"minecraft:hopper":576,"minecraft:music_disc_mall":3,"minecraft:pink_shulker_box":18,"minecraft:golden_sword":24,"minecraft:gray_shulker_box":2,"minecraft:bow":20,"minecraft:purple_shulker_box":17,"minecraft:light_blue_shulker_box":59},"minecraft:crafted":{"minecraft:redstone":60480,"minecraft:piston":19008,"minecraft:redstone_block":8374,"minecraft:rail":55120}},"DataVersion":3120}