{"stats":{"minecraft:custom":{"minecraft:inspect_dropper":118,"minecraft:interact_with_anvil":3,"minecraft:inspect_hopper":69,"minecraft:tune_noteblock":145,"minecraft:open_barrel":2,"minecraft:open_shulker_box":226,"minecraft:eat_cake_slice":1,"minecraft:leave_game":29,"minecraft:time_since_death":970003,"minecraft:climb_one_cm":39,"minecraft:time_since_rest":970003,"minecraft:sprint_one_cm":21875,"minecraft:walk_one_cm":28248,"minecraft:drop":217,"minecraft:fly_one_cm":3551005,"minecraft:open_chest":584,"minecraft:crouch_one_cm":58,"minecraft:play_time":970003,"minecraft:sneak_time":21978,"minecraft:walk_under_water_one_cm":6880,"minecraft:jump":343,"minecraft:walk_on_water_one_cm":62296,"minecraft:total_world_time":1146536,"minecraft:inspect_dispenser":75},"minecraft:picked_up":{"minecraft:redstone_block":2,"minecraft:repeater":33,"minecraft:anvil":50,"minecraft:iron_door":4,"minecraft:potion":4,"minecraft:green_shulker_box":10,"minecraft:white_stained_glass":2,"minecraft:activator_rail":2,"minecraft:black_shulker_box":1,"minecraft:comparator":2,"minecraft:redstone_torch":3,"minecraft:observer":1,"minecraft:powered_rail":20,"minecraft:lime_shulker_box":17,"minecraft:redstone":7,"minecraft:cyan_shulker_box":14,"minecraft:shulker_box":5,"minecraft:lever":1,"minecraft:brown_shulker_box":8,"minecraft:white_shulker_box":64,"minecraft:damaged_anvil":55,"minecraft:red_concrete":2,"minecraft:white_wool":1,"minecraft:rail":1},"minecraft:dropped":{"minecraft:note_block":2,"minecraft:red_concrete":2,"minecraft:anvil":8,"minecraft:lever":1,"minecraft:oak_log":1,"minecraft:yellow_wool":62,"minecraft:observer":2,"minecraft:comparator":1,"minecraft:chest_minecart":1,"minecraft:yellow_stained_glass":1,"minecraft:white_shulker_box":32,"minecraft:light_blue_concrete":1,"minecraft:oak_sign":6,"minecraft:shulker_box":3,"minecraft:rail":1,"minecraft:redstone_lamp":1,"minecraft:cyan_wool":1,"minecraft:repeater":1,"minecraft:hopper":2,"minecraft:chest":1,"minecraft:wooden_shovel":62,"minecraft:potion":64,"minecraft:redstone_torch":1,"minecraft:powered_rail":7,"minecraft:black_stained_glass":1,"minecraft:white_stained_glass":77,"minecraft:redstone_block":1,"minecraft:redstone":3},"minecraft:used":{"minecraft:jack_o_lantern":27,"minecraft:damaged_anvil":2,"minecraft:water_bucket":4,"minecraft:dropper":18,"minecraft:orange_concrete":14,"minecraft:spruce_slab":2,"minecraft:red_concrete":3,"minecraft:powered_rail":600,"minecraft:red_stained_glass":20,"minecraft:dispenser":1,"minecraft:redstone":166,"minecraft:lime_wool":8,"minecraft:oak_planks":1,"minecraft:oak_sign":42,"minecraft:chest":103,"minecraft:black_shulker_box":2,"minecraft:composter":10,"minecraft:white_shulker_box":34,"minecraft:redstone_block":80,"minecraft:quartz_stairs":8,"minecraft:anvil":1,"minecraft:rail":38,"minecraft:target":7,"minecraft:comparator":48,"minecraft:light_blue_concrete":25,"minecraft:hopper":26,"minecraft:shulker_box":5,"minecraft:lime_shulker_box":1,"minecraft:note_block":126,"minecraft:cyan_wool":3,"minecraft:blue_concrete":18,"minecraft:cake":17,"minecraft:obsidian":2,"minecraft:redstone_torch":71,"minecraft:oak_log":1,"minecraft:sticky_piston":15,"minecraft:glass":30,"minecraft:piston":195,"minecraft:lever":24,"minecraft:packed_ice":22,"minecraft:activator_rail":116,"minecraft:cyan_shulker_box":1,"minecraft:command_block":1,"minecraft:quartz_slab":56,"minecraft:yellow_stained_glass":2,"minecraft:string":2,"minecraft:slime_block":8,"minecraft:barrier":13,"minecraft:acacia_slab":1,"minecraft:orange_shulker_box":1,"minecraft:green_wool":2,"minecraft:magenta_concrete":58,"minecraft:iron_door":25,"minecraft:hopper_minecart":168,"minecraft:barrel":2,"minecraft:purple_concrete":8,"minecraft:green_shulker_box":1,"minecraft:repeater":109,"minecraft:redstone_lamp":56,"minecraft:black_stained_glass":2,"minecraft:scaffolding":7,"minecraft:iron_trapdoor":16,"minecraft:white_stained_glass_pane":1,"minecraft:white_stained_glass":1929,"minecraft:minecart":4,"minecraft:magenta_glazed_terracotta":2,"minecraft:polished_blackstone_button":1,"minecraft:chest_minecart":27,"minecraft:white_concrete":439,"minecraft:observer":526}},"DataVersion":2730}