{"stats":{"minecraft:used":{"minecraft:piston":2,"minecraft:water_bucket":2,"minecraft:lever":2,"minecraft:hopper":2,"minecraft:red_concrete":2,"minecraft:powered_rail":4,"minecraft:white_stained_glass":35,"minecraft:orange_shulker_box":2,"minecraft:oak_sign":4,"minecraft:chest":16,"minecraft:note_block":3,"minecraft:stone_pressure_plate":2,"minecraft:white_concrete":1,"minecraft:cauldron":1,"minecraft:redstone_block":3,"minecraft:white_shulker_box":1,"minecraft:observer":3,"minecraft:light_blue_stained_glass":1,"minecraft:barrel":3},"minecraft:picked_up":{"minecraft:wooden_sword":21,"minecraft:orange_shulker_box":18,"minecraft:water_bucket":3,"minecraft:potion":3,"minecraft:chest":1,"minecraft:white_shulker_box":80},"minecraft:custom":{"minecraft:open_barrel":2,"minecraft:time_since_rest":75373,"minecraft:open_chest":107,"minecraft:play_one_minute":75373,"minecraft:open_shulker_box":23,"minecraft:inspect_dropper":37,"minecraft:walk_one_cm":4237,"minecraft:sneak_time":4289,"minecraft:walk_under_water_one_cm":376,"minecraft:drop":7,"minecraft:jump":20,"minecraft:inspect_hopper":56,"minecraft:leave_game":5,"minecraft:walk_on_water_one_cm":1097,"minecraft:time_since_death":75373,"minecraft:tune_noteblock":139,"minecraft:fly_one_cm":208203,"minecraft:inspect_dispenser":25},"minecraft:dropped":{"minecraft:white_shulker_box":1,"minecraft:hopper":1,"minecraft:oak_sign":1,"minecraft:stick":2,"minecraft:chest":2}},"DataVersion":2586}